Carla Nhantumbo,c.nhantumbo@empresa.mz,84-123-456,Solteira
Carla Nhantumbo,c.nhantumbo@empresa.mz,84-123-456,Solteira
Carla Nhantumbo,c.nhantumbo@empresa.mz,84-123-456,Solteira
TomÃ¡s Cossa,t.cossa@empresa.mz,86-987-321,Casado
TomÃ¡s Cossa,t.cossa@empresa.mz,86-987-321,Casado
TomÃ¡s Cossa,t.cossa@empresa.mz,86-987-321,Casado
InÃªs Mabunda,i.mabunda@empresa.mz,87-321-654,Casada
InÃªs Mabunda,i.mabunda@empresa.mz,87-321-654,Casada
InÃªs Mabunda,i.mabunda@empresa.mz,87-321-654,Casada
JÃºlio Matusse,j.matusse@empresa.mz,83-789-123,ViÃºvo
JÃºlio Matusse,j.matusse@empresa.mz,83-789-123,ViÃºvo
JÃºlio Matusse,j.matusse@empresa.mz,83-789-123,ViÃºvo
Nome,E-mail,Contacto / Tel,Estado Civil,Salário Líquido
